"Dates","Random"
"2020/01/01 03:10:44",0
"2020/01/01 03:39:53",8
"2020/01/01 03:54:43",0
"2020/01/01 04:05:27",4
"2020/01/01 04:05:28",9
"2020/01/01 05:07:34",0
"2020/01/01 05:16:16",10
"2020/01/01 05:51:38",10
"2020/01/01 07:54:59",5
"2020/01/01 08:04:15",2
"2020/01/01 09:44:22",10
"2020/01/01 10:20:04",2
"2020/01/01 10:24:24",8
"2020/01/01 10:49:51",3
"2020/01/01 12:39:35",6
"2020/01/01 12:41:19",2
"2020/01/01 13:05:35",9
"2020/01/01 14:15:32",0
"2020/01/01 14:22:44",9
"2020/01/01 15:05:07",0
"2020/01/01 15:55:04",8
"2020/01/01 17:20:00",4
"2020/01/01 18:25:48",2
"2020/01/01 19:11:28",4
"2020/01/01 19:28:16",8
"2020/01/01 19:46:07",4
"2020/01/01 19:51:23",7
"2020/01/01 20:47:52",1
"2020/01/01 21:10:21",2
"2020/01/01 21:31:30",9
"2020/01/01 22:20:44",2
"2020/01/01 22:52:08",5
"2020/01/02 00:01:06",8
"2020/01/02 00:22:36",3
"2020/01/02 00:55:12",8
"2020/01/02 01:50:40",7
"2020/01/02 03:25:16",8
"2020/01/02 03:51:06",9
"2020/01/02 04:07:02",2
"2020/01/02 06:14:35",9
"2020/01/02 06:48:52",8
"2020/01/02 07:15:21",1
"2020/01/02 07:30:43",5
"2020/01/02 07:43:58",8
"2020/01/02 08:07:39",1
"2020/01/02 08:30:50",5
"2020/01/02 08:52:31",10
"2020/01/02 09:26:48",8
"2020/01/02 10:14:14",1
"2020/01/02 10:16:09",10
"2020/01/02 12:05:26",4
"2020/01/02 12:43:17",3
"2020/01/02 13:14:32",2
"2020/01/02 13:31:32",8
"2020/01/02 14:53:47",3
"2020/01/02 14:59:21",6
"2020/01/02 16:43:43",10
"2020/01/02 17:27:53",2
"2020/01/02 18:13:41",8
"2020/01/02 18:31:49",6
"2020/01/02 19:04:19",1
"2020/01/02 21:53:44",3
"2020/01/02 22:22:02",0
"2020/01/02 22:41:28",3
"2020/01/02 22:46:52",8
"2020/01/02 23:09:08",4
"2020/01/02 23:51:32",8
"2020/01/03 00:29:00",3
"2020/01/03 00:46:52",6
"2020/01/03 03:38:03",6
"2020/01/03 05:46:39",5
"2020/01/03 06:05:36",7
"2020/01/03 06:08:24",1
"2020/01/03 06:25:21",1
"2020/01/03 06:38:21",3
"2020/01/03 07:05:22",9
"2020/01/03 09:00:13",2
"2020/01/03 09:04:53",2
"2020/01/03 09:21:43",4
"2020/01/03 10:26:18",7
"2020/01/03 11:51:17",8
"2020/01/03 11:52:18",1
"2020/01/03 12:02:19",6
"2020/01/03 13:16:40",9
"2020/01/03 13:17:51",10
"2020/01/03 13:34:01",1
"2020/01/03 14:21:06",9
"2020/01/03 16:19:24",4
"2020/01/03 16:33:16",8
"2020/01/03 16:54:21",0
"2020/01/03 17:10:04",7
"2020/01/03 17:15:32",1
"2020/01/03 17:56:48",0
"2020/01/03 19:00:50",5
"2020/01/03 19:16:55",8
"2020/01/03 20:08:53",1
"2020/01/03 20:44:40",2
"2020/01/03 22:50:26",6
"2020/01/03 23:08:21",9
"2020/01/03 23:30:45",7
"2020/01/04 00:06:39",9
"2020/01/04 00:13:49",0
"2020/01/04 01:01:12",6
"2020/01/04 03:49:19",8
"2020/01/04 04:41:11",6
"2020/01/04 05:16:52",8
"2020/01/04 05:19:48",1
"2020/01/04 08:08:57",5
"2020/01/04 09:10:13",6
"2020/01/04 10:35:54",4
"2020/01/04 10:43:46",7
"2020/01/04 11:03:06",1
"2020/01/04 11:16:10",5
"2020/01/04 11:58:29",6
"2020/01/04 14:00:08",0
"2020/01/04 14:38:08",7
"2020/01/04 14:42:00",6
"2020/01/04 15:06:25",1
"2020/01/04 15:20:51",8
"2020/01/04 16:07:30",0
"2020/01/04 16:50:24",5
"2020/01/04 16:58:00",4
"2020/01/04 17:19:25",8
"2020/01/04 17:50:55",9
"2020/01/04 18:42:12",7
"2020/01/04 21:18:23",6
"2020/01/04 22:02:17",7
"2020/01/04 22:37:45",8
"2020/01/05 00:23:45",7
"2020/01/05 00:36:37",3
"2020/01/05 00:53:17",6
"2020/01/05 00:54:19",6
"2020/01/05 00:57:46",0
"2020/01/05 01:13:59",3
"2020/01/05 01:15:23",3
"2020/01/05 03:43:13",10
"2020/01/05 03:59:00",7
"2020/01/05 04:13:40",1
"2020/01/05 05:26:01",2
"2020/01/05 06:03:46",0
"2020/01/05 08:02:14",9
"2020/01/05 08:52:28",2
"2020/01/05 09:10:07",0
"2020/01/05 09:14:42",8
"2020/01/05 09:25:19",7
"2020/01/05 10:03:41",8
"2020/01/05 10:58:28",6
"2020/01/05 13:41:36",7
"2020/01/05 14:59:45",3
"2020/01/05 15:06:36",8
"2020/01/05 15:37:21",4
"2020/01/05 15:49:05",2
"2020/01/05 16:01:41",1
"2020/01/05 17:32:42",8
"2020/01/05 17:36:54",8
"2020/01/05 18:20:10",9
"2020/01/05 20:36:53",1
"2020/01/05 20:41:13",10
"2020/01/05 21:03:48",1
"2020/01/05 21:18:28",6
"2020/01/05 22:50:28",8
"2020/01/05 22:57:44",10
"2020/01/05 23:18:12",1
"2020/01/05 23:27:18",6
"2020/01/05 23:32:14",5
"2020/01/05 23:58:15",6
"2020/01/06 00:01:01",10
"2020/01/06 00:44:51",8
"2020/01/06 00:47:36",6
"2020/01/06 00:48:58",5
"2020/01/06 01:30:24",4
"2020/01/06 03:44:16",2
"2020/01/06 03:44:36",4
"2020/01/06 04:01:53",4
"2020/01/06 04:13:25",9
"2020/01/06 05:39:14",2
"2020/01/06 06:16:30",4
"2020/01/06 06:54:57",5
"2020/01/06 07:44:43",5
"2020/01/06 07:46:24",3
"2020/01/06 08:13:11",5
"2020/01/06 08:41:17",10
"2020/01/06 08:45:31",4
"2020/01/06 09:25:27",9
"2020/01/06 10:05:35",3
"2020/01/06 12:41:34",7
"2020/01/06 13:18:59",3
"2020/01/06 13:21:42",7
"2020/01/06 13:27:28",10
"2020/01/06 13:32:25",2
"2020/01/06 13:36:27",7
"2020/01/06 14:30:00",5
"2020/01/06 14:30:25",5
"2020/01/06 14:40:13",2
"2020/01/06 15:22:04",9
"2020/01/06 17:08:32",8
"2020/01/06 18:57:14",5
"2020/01/06 19:52:55",8
"2020/01/06 20:06:16",7
"2020/01/06 20:44:23",10
"2020/01/06 20:59:00",3
"2020/01/07 00:10:47",8
"2020/01/07 00:18:57",1
"2020/01/07 00:42:54",3
"2020/01/07 02:04:19",4
"2020/01/07 02:07:52",7
"2020/01/07 02:28:01",4
"2020/01/07 02:55:41",9
"2020/01/07 03:00:50",8
"2020/01/07 03:44:31",4
"2020/01/07 03:49:56",7
"2020/01/07 05:06:06",7
"2020/01/07 07:00:22",7
"2020/01/07 07:25:15",1
"2020/01/07 07:36:05",7
"2020/01/07 08:02:56",0
"2020/01/07 08:18:42",4
"2020/01/07 08:20:33",9
"2020/01/07 09:12:42",1
"2020/01/07 09:23:51",8
"2020/01/07 09:33:10",4
"2020/01/07 09:56:20",2
"2020/01/07 10:39:42",0
"2020/01/07 10:57:26",5
"2020/01/07 10:59:20",5
"2020/01/07 11:57:59",1
"2020/01/07 13:15:18",5
"2020/01/07 13:27:18",4
"2020/01/07 14:04:39",5
"2020/01/07 14:30:42",1
"2020/01/07 14:52:17",8
"2020/01/07 15:03:08",5
"2020/01/07 19:03:53",2
"2020/01/07 20:16:24",10
"2020/01/07 20:40:48",9
"2020/01/07 21:05:43",8
"2020/01/07 21:47:04",6
"2020/01/07 22:39:29",6
"2020/01/07 23:56:12",2
"2020/01/07 23:56:54",9
"2020/01/08 00:31:24",7
"2020/01/08 02:27:38",2
"2020/01/08 03:19:11",3
"2020/01/08 03:33:47",1
"2020/01/08 04:22:37",10
"2020/01/08 04:59:51",0
"2020/01/08 05:20:02",2
"2020/01/08 05:22:09",7
"2020/01/08 06:13:24",4
"2020/01/08 06:41:30",8
"2020/01/08 07:34:27",8
"2020/01/08 07:35:37",4
"2020/01/08 08:04:05",4
"2020/01/08 08:39:15",8
"2020/01/08 09:13:25",2
"2020/01/08 09:27:20",0
"2020/01/08 09:55:12",8
"2020/01/08 10:00:28",2
"2020/01/08 10:17:12",1
"2020/01/08 10:47:14",6
"2020/01/08 12:23:08",4
"2020/01/08 12:35:00",6
"2020/01/08 12:58:36",8
"2020/01/08 14:50:58",6
"2020/01/08 14:52:26",5
"2020/01/08 15:11:55",3
"2020/01/08 16:31:51",1
"2020/01/08 17:38:21",6
"2020/01/08 18:02:27",1
"2020/01/08 18:33:57",2
"2020/01/08 19:01:49",8
"2020/01/08 20:03:44",6
"2020/01/08 20:35:55",6
"2020/01/08 21:05:09",4
"2020/01/08 21:38:12",0
"2020/01/08 22:53:34",2
"2020/01/08 23:26:19",3
"2020/01/09 00:07:40",6
"2020/01/09 01:42:13",0
"2020/01/09 02:59:27",2
"2020/01/09 04:34:42",9
"2020/01/09 04:55:17",1
"2020/01/09 05:51:48",8
"2020/01/09 05:54:24",10
"2020/01/09 06:50:37",2
"2020/01/09 08:46:01",1
"2020/01/09 08:46:23",7
"2020/01/09 10:24:32",5
"2020/01/09 10:24:52",1
"2020/01/09 11:32:49",1
"2020/01/09 11:54:33",10
"2020/01/09 12:22:41",6
"2020/01/09 12:24:05",7
"2020/01/09 13:29:38",0
"2020/01/09 13:36:07",2
"2020/01/09 16:22:21",10
"2020/01/09 18:43:17",10
"2020/01/09 19:33:31",5
"2020/01/09 22:03:35",7
"2020/01/09 22:38:01",7
"2020/01/09 22:44:02",8
"2020/01/09 23:13:21",6
"2020/01/09 23:26:15",10
"2020/01/09 23:45:54",5
"2020/01/09 23:55:53",2
"2020/01/10 00:31:08",0
"2020/01/10 01:04:18",8
"2020/01/10 01:38:35",1
"2020/01/10 01:48:02",3
"2020/01/10 02:06:47",0
"2020/01/10 03:11:09",0
"2020/01/10 04:36:54",6
"2020/01/10 04:50:35",1
"2020/01/10 05:29:50",1
"2020/01/10 07:42:12",10
"2020/01/10 08:00:15",1
"2020/01/10 08:10:09",0
"2020/01/10 08:15:18",7
"2020/01/10 08:18:20",4
"2020/01/10 09:04:16",3
"2020/01/10 09:29:09",9
"2020/01/10 09:59:53",7
"2020/01/10 10:34:40",4
"2020/01/10 10:42:53",6
"2020/01/10 11:03:52",6
"2020/01/10 13:01:47",5
"2020/01/10 13:29:21",9
"2020/01/10 14:58:05",6
"2020/01/10 16:26:07",2
"2020/01/10 16:47:08",0
"2020/01/10 17:02:13",1
"2020/01/10 17:09:32",9
"2020/01/10 17:10:19",0
"2020/01/10 18:14:49",9
"2020/01/10 18:24:16",3
"2020/01/10 18:45:23",8
"2020/01/10 19:12:12",8
"2020/01/10 20:35:24",2
"2020/01/10 20:38:46",8
"2020/01/10 20:47:51",0
"2020/01/10 21:51:18",7
"2020/01/10 22:35:29",7
"2020/01/10 22:55:34",3
"2020/01/10 23:05:17",4
"2020/01/10 23:24:34",10
"2020/01/11 00:08:03",2
"2020/01/11 01:05:27",6
"2020/01/11 03:36:58",10
"2020/01/11 04:39:06",5
"2020/01/11 04:50:43",8
"2020/01/11 07:18:13",7
"2020/01/11 07:52:40",8
"2020/01/11 08:59:09",4
"2020/01/11 09:28:22",1
"2020/01/11 09:48:35",9
"2020/01/11 10:13:46",4
"2020/01/11 10:36:55",0
"2020/01/11 10:56:43",0
"2020/01/11 13:16:27",2
"2020/01/11 15:10:30",3
"2020/01/11 15:12:49",10
"2020/01/11 18:41:43",9
"2020/01/11 19:00:13",4
"2020/01/11 20:02:59",10
"2020/01/11 20:29:03",0
"2020/01/11 21:17:05",6
"2020/01/11 21:20:59",2
"2020/01/11 21:25:46",1
"2020/01/11 22:06:28",6
"2020/01/11 22:10:33",3
"2020/01/11 22:25:10",7
"2020/01/12 02:20:04",7
"2020/01/12 02:31:21",1
"2020/01/12 03:05:19",3
"2020/01/12 03:12:40",0
"2020/01/12 04:06:51",3
"2020/01/12 04:24:24",10
"2020/01/12 07:07:11",7
"2020/01/12 10:53:45",8
"2020/01/12 12:04:26",8
"2020/01/12 12:27:10",5
"2020/01/12 12:40:49",8
"2020/01/12 12:51:13",3
"2020/01/12 14:18:14",0
"2020/01/12 14:29:24",8
"2020/01/12 14:36:18",6
"2020/01/12 15:05:13",1
"2020/01/12 15:33:24",2
"2020/01/12 15:36:24",10
"2020/01/12 18:04:11",4
"2020/01/12 18:09:01",2
"2020/01/12 18:14:23",0
"2020/01/12 18:23:26",9
"2020/01/12 20:25:33",9
"2020/01/12 21:01:40",2
"2020/01/12 21:03:14",10
"2020/01/12 23:23:38",8
"2020/01/13 00:10:42",8
"2020/01/13 00:43:42",9
"2020/01/13 00:59:07",0
"2020/01/13 02:12:02",9
"2020/01/13 02:35:35",3
"2020/01/13 04:08:31",9
"2020/01/13 05:17:54",4
"2020/01/13 06:33:48",9
"2020/01/13 07:58:45",6
"2020/01/13 09:47:53",3
"2020/01/13 10:15:06",0
"2020/01/13 12:19:45",7
"2020/01/13 13:11:37",0
"2020/01/13 13:14:15",2
"2020/01/13 13:37:56",9
"2020/01/13 15:51:37",3
"2020/01/13 15:59:46",6
"2020/01/13 18:56:30",9
"2020/01/13 19:10:15",5
"2020/01/13 20:37:04",2
"2020/01/13 20:46:10",2
"2020/01/13 21:23:14",7
"2020/01/13 22:54:18",4
"2020/01/13 23:06:12",6
"2020/01/13 23:17:23",6
"2020/01/13 23:19:58",9
"2020/01/14 01:51:32",3
"2020/01/14 02:33:37",10
"2020/01/14 03:58:29",6
"2020/01/14 04:08:51",3
"2020/01/14 04:32:14",0
"2020/01/14 04:55:55",4
"2020/01/14 04:56:15",5
"2020/01/14 05:44:57",7
"2020/01/14 06:31:36",8
"2020/01/14 07:18:51",8
"2020/01/14 09:20:18",0
"2020/01/14 09:34:54",3
"2020/01/14 09:52:15",10
"2020/01/14 09:58:49",6
"2020/01/14 10:09:59",9
"2020/01/14 10:14:55",5
"2020/01/14 12:38:21",10
"2020/01/14 14:01:27",2
"2020/01/14 16:38:51",0
"2020/01/14 18:02:53",8
"2020/01/14 19:20:45",3
"2020/01/14 19:34:32",10
"2020/01/14 19:39:57",8
"2020/01/14 19:55:18",10
"2020/01/14 21:22:57",0
"2020/01/14 23:27:51",8
"2020/01/14 23:47:21",6
"2020/01/14 23:57:13",9
"2020/01/15 00:26:53",4
"2020/01/15 00:54:52",8
"2020/01/15 03:35:19",3
"2020/01/15 06:38:27",9
"2020/01/15 07:53:45",1
"2020/01/15 09:56:55",10
"2020/01/15 10:20:35",8
"2020/01/15 10:36:23",3
"2020/01/15 11:19:45",0
"2020/01/15 11:56:59",8
"2020/01/15 14:25:26",10
"2020/01/15 14:55:39",6
"2020/01/15 15:03:14",5
"2020/01/15 15:46:00",2
"2020/01/15 16:59:48",3
"2020/01/15 17:12:36",2
"2020/01/15 17:46:08",6
"2020/01/15 18:07:32",9
"2020/01/15 18:33:33",4
"2020/01/15 19:14:26",0
"2020/01/15 19:21:39",0
"2020/01/15 19:45:56",3
"2020/01/15 20:13:04",8
"2020/01/15 20:22:13",9
"2020/01/15 22:21:24",10
"2020/01/15 23:32:28",9
"2020/01/16 00:07:23",9
"2020/01/16 01:24:57",2
"2020/01/16 02:52:17",0
"2020/01/16 03:40:26",0
"2020/01/16 04:21:38",1
"2020/01/16 07:20:21",10
"2020/01/16 08:05:15",7
"2020/01/16 09:54:02",7
"2020/01/16 10:24:20",6
"2020/01/16 10:37:15",1
"2020/01/16 11:27:48",7
"2020/01/16 11:28:51",1
"2020/01/16 13:42:44",3
"2020/01/16 14:08:36",6
"2020/01/16 14:33:51",9
"2020/01/16 14:40:38",2
"2020/01/16 15:23:14",6
"2020/01/16 15:34:19",0
"2020/01/16 16:04:41",2
"2020/01/16 16:26:52",9
"2020/01/16 16:34:42",6
"2020/01/16 17:03:10",7
"2020/01/16 17:29:35",2
"2020/01/16 17:30:50",5
"2020/01/16 17:43:25",4
"2020/01/16 17:49:55",3
"2020/01/16 17:55:40",4
"2020/01/16 18:01:21",8
"2020/01/16 19:43:28",5
"2020/01/16 20:30:37",6
"2020/01/16 20:50:41",8
"2020/01/16 21:24:23",4
"2020/01/16 22:17:13",6
"2020/01/16 22:30:30",4
"2020/01/16 23:21:19",5
"2020/01/16 23:50:19",3
"2020/01/17 00:22:10",4
"2020/01/17 00:43:07",5
"2020/01/17 00:45:18",7
"2020/01/17 01:39:45",7
"2020/01/17 01:47:53",8
"2020/01/17 02:59:20",10
"2020/01/17 08:07:59",3
"2020/01/17 08:27:31",7
"2020/01/17 08:44:13",10
"2020/01/17 09:15:47",4
"2020/01/17 10:54:43",4
"2020/01/17 11:30:37",10
"2020/01/17 13:27:41",9
"2020/01/17 13:51:52",8
"2020/01/17 14:26:19",7
"2020/01/17 14:50:27",9
"2020/01/17 15:22:46",0
"2020/01/17 16:13:38",4
"2020/01/17 16:20:09",2
"2020/01/17 17:55:49",9
"2020/01/17 18:05:07",8
"2020/01/17 19:04:45",3
"2020/01/17 20:49:37",2
"2020/01/17 20:59:23",8
"2020/01/17 21:17:16",9
"2020/01/17 22:06:59",3
"2020/01/17 22:43:58",1
"2020/01/18 02:06:00",10
"2020/01/18 02:36:19",4
"2020/01/18 03:07:37",0
"2020/01/18 03:34:10",1
"2020/01/18 03:44:38",10
"2020/01/18 04:44:02",9
"2020/01/18 05:22:23",7
"2020/01/18 06:09:06",5
"2020/01/18 06:09:30",10
"2020/01/18 07:46:48",9
"2020/01/18 08:00:24",10
"2020/01/18 08:19:58",7
"2020/01/18 08:36:12",6
"2020/01/18 09:24:52",9
"2020/01/18 10:50:39",0
"2020/01/18 10:52:13",10
"2020/01/18 11:11:14",7
"2020/01/18 11:36:39",6
"2020/01/18 12:07:41",5
"2020/01/18 12:43:04",9
"2020/01/18 12:49:26",1
"2020/01/18 12:49:42",0
"2020/01/18 13:10:51",9
"2020/01/18 13:57:14",6
"2020/01/18 14:28:03",4
"2020/01/18 16:32:49",1
"2020/01/18 16:34:54",8
"2020/01/18 16:37:57",2
"2020/01/18 16:42:24",9
"2020/01/18 17:07:56",7
"2020/01/18 18:16:45",10
"2020/01/18 18:20:26",10
"2020/01/18 18:26:53",0
"2020/01/18 19:04:51",4
"2020/01/18 19:42:54",2
"2020/01/18 21:03:10",9
"2020/01/18 22:45:02",10
"2020/01/18 23:42:40",7
"2020/01/19 00:05:09",6
"2020/01/19 02:01:27",5
"2020/01/19 02:49:39",2
"2020/01/19 04:05:07",7
"2020/01/19 04:10:21",5
"2020/01/19 04:51:44",3
"2020/01/19 04:54:25",4
"2020/01/19 05:15:39",8
"2020/01/19 05:24:19",2
"2020/01/19 05:31:58",1
"2020/01/19 05:46:15",6
"2020/01/19 06:33:23",10
"2020/01/19 06:35:51",9
"2020/01/19 07:09:14",8
"2020/01/19 07:40:54",10
"2020/01/19 08:50:38",10
"2020/01/19 09:00:29",3
"2020/01/19 10:40:36",2
"2020/01/19 12:02:32",4
"2020/01/19 12:17:01",10
"2020/01/19 12:27:10",7
"2020/01/19 13:12:13",1
"2020/01/19 13:37:58",2
"2020/01/19 14:09:18",3
"2020/01/19 15:36:43",7
"2020/01/19 15:41:55",8
"2020/01/19 19:06:14",3
"2020/01/19 20:26:49",2
"2020/01/19 22:11:43",6
"2020/01/19 23:02:15",7
"2020/01/20 01:31:35",8
"2020/01/20 02:02:28",3
"2020/01/20 02:07:04",8
"2020/01/20 02:43:59",2
"2020/01/20 03:23:37",1
"2020/01/20 03:39:43",4
"2020/01/20 03:50:03",8
"2020/01/20 04:00:14",2
"2020/01/20 04:01:08",1
"2020/01/20 04:23:09",3
"2020/01/20 04:26:39",8
"2020/01/20 04:56:10",1
"2020/01/20 05:06:48",9
"2020/01/20 05:59:50",10
"2020/01/20 06:09:35",4
"2020/01/20 07:06:33",8
"2020/01/20 07:43:02",6
"2020/01/20 09:49:30",10
"2020/01/20 11:03:01",8
"2020/01/20 11:04:17",7
"2020/01/20 12:38:12",9
"2020/01/20 13:35:15",6
"2020/01/20 14:19:59",3
"2020/01/20 15:15:48",1
"2020/01/20 15:47:20",10
"2020/01/20 16:39:18",6
"2020/01/20 17:40:28",8
"2020/01/20 18:06:20",6
"2020/01/20 18:41:29",6
"2020/01/20 18:56:02",5
"2020/01/20 19:34:11",0
"2020/01/20 20:37:58",3
"2020/01/20 21:55:40",2
"2020/01/20 22:24:47",2
"2020/01/21 00:45:56",10
"2020/01/21 00:59:39",7
"2020/01/21 03:19:18",9
"2020/01/21 04:12:07",4
"2020/01/21 04:48:59",10
"2020/01/21 04:58:43",3
"2020/01/21 06:00:54",2
"2020/01/21 06:08:12",5
"2020/01/21 07:33:12",2
"2020/01/21 07:42:08",4
"2020/01/21 08:00:17",5
"2020/01/21 08:01:27",4
"2020/01/21 08:36:45",4
"2020/01/21 08:41:28",0
"2020/01/21 08:43:14",9
"2020/01/21 10:19:02",0
"2020/01/21 10:20:46",10
"2020/01/21 10:54:37",7
"2020/01/21 11:02:10",8
"2020/01/21 11:12:12",10
"2020/01/21 11:24:36",3
"2020/01/21 13:06:38",4
"2020/01/21 13:43:46",1
"2020/01/21 14:13:57",10
"2020/01/21 14:29:37",6
"2020/01/21 15:10:48",5
"2020/01/21 16:19:32",4
"2020/01/21 16:38:46",2
"2020/01/21 16:49:05",4
"2020/01/21 17:11:23",5
"2020/01/21 18:08:06",6
"2020/01/21 18:29:40",9
"2020/01/21 18:50:30",3
"2020/01/21 19:12:14",10
"2020/01/21 19:19:54",5
"2020/01/21 20:12:09",10
"2020/01/21 20:21:18",2
"2020/01/21 21:03:14",4
"2020/01/21 21:46:39",8
"2020/01/21 21:57:09",5
"2020/01/21 22:04:28",0
"2020/01/21 22:30:17",0
"2020/01/21 22:35:28",8
"2020/01/21 23:16:20",6
"2020/01/21 23:38:40",6
"2020/01/22 02:16:30",6
"2020/01/22 03:31:56",3
"2020/01/22 03:58:53",9
"2020/01/22 04:35:43",8
"2020/01/22 05:44:14",8
"2020/01/22 06:34:04",2
"2020/01/22 07:33:19",2
"2020/01/22 09:36:41",0
"2020/01/22 09:48:53",6
"2020/01/22 11:35:58",3
"2020/01/22 11:57:16",2
"2020/01/22 12:00:41",7
"2020/01/22 13:10:42",1
"2020/01/22 14:29:31",8
"2020/01/22 15:35:54",1
"2020/01/22 16:35:29",10
"2020/01/22 16:39:27",9
"2020/01/22 17:42:01",4
"2020/01/22 18:48:20",1
"2020/01/22 18:56:36",6
"2020/01/22 19:55:12",2
"2020/01/22 20:46:36",2
"2020/01/22 21:41:47",10
"2020/01/22 22:45:29",0
"2020/01/23 00:20:43",2
"2020/01/23 01:05:40",0
"2020/01/23 02:28:32",5
"2020/01/23 03:20:07",5
"2020/01/23 03:49:48",0
"2020/01/23 04:33:30",1
"2020/01/23 05:03:34",0
"2020/01/23 05:19:38",0
"2020/01/23 05:59:13",8
"2020/01/23 06:05:03",2
"2020/01/23 06:09:36",2
"2020/01/23 06:33:39",0
"2020/01/23 07:06:49",0
"2020/01/23 07:52:16",1
"2020/01/23 09:08:47",5
"2020/01/23 09:12:21",0
"2020/01/23 09:15:26",1
"2020/01/23 09:49:30",9
"2020/01/23 10:04:02",8
"2020/01/23 10:48:08",8
"2020/01/23 10:49:04",1
"2020/01/23 10:58:30",9
"2020/01/23 11:46:32",3
"2020/01/23 13:29:06",2
"2020/01/23 14:59:58",3
"2020/01/23 16:36:09",0
"2020/01/23 17:06:47",2
"2020/01/23 17:49:42",5
"2020/01/23 18:00:35",8
"2020/01/23 18:11:01",9
"2020/01/23 20:26:57",1
"2020/01/23 21:06:28",2
"2020/01/23 21:12:05",9
"2020/01/23 21:35:40",5
"2020/01/23 21:40:10",9
"2020/01/23 22:12:45",9
"2020/01/23 23:03:28",3
"2020/01/23 23:12:50",9
"2020/01/24 01:30:06",1
"2020/01/24 02:12:11",8
"2020/01/24 02:14:52",0
"2020/01/24 02:36:23",10
"2020/01/24 02:50:53",4
"2020/01/24 04:15:48",7
"2020/01/24 05:54:09",4
"2020/01/24 06:08:59",8
"2020/01/24 06:24:12",2
"2020/01/24 07:07:24",3
"2020/01/24 07:14:56",1
"2020/01/24 08:34:24",4
"2020/01/24 08:55:47",5
"2020/01/24 10:17:12",0
"2020/01/24 10:26:34",1
"2020/01/24 10:36:25",8
"2020/01/24 10:50:41",2
"2020/01/24 12:00:51",8
"2020/01/24 12:01:14",6
"2020/01/24 12:52:21",3
"2020/01/24 13:00:54",7
"2020/01/24 13:13:17",0
"2020/01/24 13:51:23",5
"2020/01/24 15:31:33",3
"2020/01/24 16:26:16",1
"2020/01/24 19:30:38",7
"2020/01/24 19:33:05",0
"2020/01/24 19:43:31",1
"2020/01/24 19:55:38",3
"2020/01/24 20:08:30",2
"2020/01/24 21:07:51",0
"2020/01/24 22:13:58",1
"2020/01/24 23:31:14",8
"2020/01/24 23:46:46",8
"2020/01/25 00:10:12",4
"2020/01/25 00:40:17",6
"2020/01/25 00:58:11",8
"2020/01/25 01:51:14",1
"2020/01/25 02:26:30",6
"2020/01/25 02:38:14",2
"2020/01/25 02:49:55",1
"2020/01/25 03:01:30",6
"2020/01/25 03:04:58",5
"2020/01/25 03:44:51",0
"2020/01/25 03:58:48",3
"2020/01/25 04:44:42",8
"2020/01/25 05:11:14",2
"2020/01/25 05:31:50",0
"2020/01/25 05:41:44",9
"2020/01/25 05:58:36",4
"2020/01/25 05:59:52",6
"2020/01/25 08:40:53",6
"2020/01/25 09:38:28",3
"2020/01/25 10:32:50",1
"2020/01/25 11:02:20",3
"2020/01/25 11:32:21",2
"2020/01/25 12:24:03",0
"2020/01/25 13:09:54",1
"2020/01/25 14:03:36",7
"2020/01/25 14:11:38",6
"2020/01/25 15:31:12",7
"2020/01/25 15:37:00",2
"2020/01/25 17:33:16",7
"2020/01/25 18:40:25",7
"2020/01/25 19:39:36",3
"2020/01/25 20:06:43",4
"2020/01/25 20:50:41",8
"2020/01/25 20:57:39",2
"2020/01/25 21:22:32",4
"2020/01/25 21:30:42",9
"2020/01/25 21:34:22",7
"2020/01/25 22:25:05",7
"2020/01/25 22:49:12",6
"2020/01/25 23:41:34",1
"2020/01/26 00:08:09",7
"2020/01/26 00:34:30",10
"2020/01/26 00:49:36",9
"2020/01/26 01:06:50",2
"2020/01/26 01:35:25",8
"2020/01/26 01:59:20",6
"2020/01/26 03:12:34",0
"2020/01/26 03:14:51",6
"2020/01/26 03:27:27",7
"2020/01/26 03:42:30",7
"2020/01/26 04:22:12",2
"2020/01/26 04:34:53",3
"2020/01/26 04:38:02",3
"2020/01/26 04:43:23",10
"2020/01/26 06:11:25",3
"2020/01/26 06:12:14",6
"2020/01/26 07:43:23",4
"2020/01/26 07:44:38",1
"2020/01/26 07:49:01",10
"2020/01/26 09:01:12",3
"2020/01/26 09:16:39",5
"2020/01/26 11:47:12",5
"2020/01/26 12:01:15",6
"2020/01/26 12:18:47",0
"2020/01/26 12:44:27",4
"2020/01/26 13:16:36",10
"2020/01/26 13:40:58",10
"2020/01/26 14:32:27",10
"2020/01/26 14:33:54",6
"2020/01/26 15:39:48",5
"2020/01/26 17:33:07",2
"2020/01/26 17:44:17",5
"2020/01/26 18:12:22",8
"2020/01/26 18:17:45",4
"2020/01/26 18:31:44",10
"2020/01/26 19:22:15",7
"2020/01/26 19:51:02",10
"2020/01/26 21:31:12",0
"2020/01/26 22:40:00",4
"2020/01/26 23:02:25",0
"2020/01/27 01:38:05",6
"2020/01/27 03:47:53",2
"2020/01/27 06:03:49",0
"2020/01/27 06:34:57",2
"2020/01/27 06:57:23",4
"2020/01/27 08:57:28",0
"2020/01/27 09:28:09",8
"2020/01/27 10:36:46",9
"2020/01/27 10:50:38",0
"2020/01/27 11:08:08",9
"2020/01/27 14:16:07",10
"2020/01/27 14:50:29",4
"2020/01/27 15:09:02",4
"2020/01/27 16:01:50",1
"2020/01/27 16:05:30",5
"2020/01/27 16:43:45",6
"2020/01/27 17:08:56",9
"2020/01/27 18:12:04",7
"2020/01/27 19:01:10",10
"2020/01/27 19:07:35",3
"2020/01/27 19:20:47",10
"2020/01/27 19:53:36",6
"2020/01/27 20:20:31",2
"2020/01/27 22:03:58",2
"2020/01/28 01:30:07",5
"2020/01/28 01:31:45",6
"2020/01/28 02:44:46",3
"2020/01/28 03:10:30",6
"2020/01/28 03:34:15",6
"2020/01/28 03:37:59",1
"2020/01/28 04:56:09",9
"2020/01/28 05:17:59",8
"2020/01/28 05:37:28",10
"2020/01/28 06:53:51",2
"2020/01/28 08:19:49",0
"2020/01/28 08:37:29",6
"2020/01/28 09:18:38",5
"2020/01/28 10:25:55",6
"2020/01/28 11:13:53",6
"2020/01/28 11:24:49",10
"2020/01/28 12:54:26",0
"2020/01/28 13:37:50",1
"2020/01/28 18:00:38",0
"2020/01/28 18:31:08",6
"2020/01/28 18:51:59",6
"2020/01/28 19:02:08",2
"2020/01/28 19:07:03",1
"2020/01/28 19:17:39",6
"2020/01/28 19:55:03",4
"2020/01/28 20:16:18",9
"2020/01/28 20:44:53",1
"2020/01/28 20:50:36",9
"2020/01/28 20:54:30",4
"2020/01/28 21:02:03",0
"2020/01/28 21:50:18",2
"2020/01/28 22:03:48",0
"2020/01/29 00:09:16",2
"2020/01/29 02:19:02",10
"2020/01/29 02:36:22",1
"2020/01/29 02:53:23",3
"2020/01/29 04:14:54",6
"2020/01/29 04:39:15",9
"2020/01/29 04:50:50",0
"2020/01/29 05:13:06",7
"2020/01/29 05:13:30",5
"2020/01/29 05:41:12",4
"2020/01/29 05:42:55",8
"2020/01/29 06:27:16",9
"2020/01/29 06:30:16",5
"2020/01/29 07:51:40",6
"2020/01/29 07:53:28",4
"2020/01/29 08:16:13",0
"2020/01/29 08:23:08",7
"2020/01/29 09:05:49",4
"2020/01/29 09:18:08",1
"2020/01/29 09:26:44",10
"2020/01/29 12:28:05",4
"2020/01/29 12:29:44",4
"2020/01/29 12:35:16",0
"2020/01/29 13:27:33",7
"2020/01/29 14:27:50",2
"2020/01/29 15:55:35",5
"2020/01/29 16:45:44",0
"2020/01/29 17:34:07",10
"2020/01/29 17:50:08",8
"2020/01/29 18:14:07",6
"2020/01/29 18:53:02",8
"2020/01/29 19:35:04",9
"2020/01/29 20:59:31",2
"2020/01/29 21:22:55",1
"2020/01/29 21:28:58",2
"2020/01/29 22:36:01",6
"2020/01/29 23:56:03",10
"2020/01/30 00:07:32",1
"2020/01/30 00:13:45",4
"2020/01/30 00:17:11",6
"2020/01/30 00:30:58",4
"2020/01/30 01:21:39",9
"2020/01/30 01:40:19",3
"2020/01/30 01:57:09",7
"2020/01/30 02:14:29",6
"2020/01/30 02:57:05",7
"2020/01/30 03:01:51",9
"2020/01/30 04:27:16",2
"2020/01/30 04:59:51",0
"2020/01/30 07:47:36",4
"2020/01/30 07:58:57",1
"2020/01/30 08:19:51",10
"2020/01/30 08:47:46",1
"2020/01/30 09:39:17",2
"2020/01/30 09:59:43",3
"2020/01/30 10:43:06",1
"2020/01/30 11:52:31",5
"2020/01/30 12:04:04",5
"2020/01/30 12:11:46",7
"2020/01/30 12:32:50",2
"2020/01/30 13:13:52",10
"2020/01/30 13:15:58",9
"2020/01/30 13:27:35",0
"2020/01/30 13:51:36",10
"2020/01/30 16:20:45",8
"2020/01/30 16:29:22",1
"2020/01/30 17:09:41",4
"2020/01/30 17:23:34",10
"2020/01/30 17:28:07",2
"2020/01/30 17:29:35",9
"2020/01/30 18:02:45",4
"2020/01/30 18:46:35",1
"2020/01/30 20:25:29",6
"2020/01/30 22:29:09",7
"2020/01/30 22:32:45",7
"2020/01/30 23:00:12",6
"2020/01/30 23:49:10",2
"2020/01/30 23:49:23",3
"2020/01/30 23:50:10",2
"2020/01/31 00:10:24",3
"2020/01/31 00:21:24",4
